{
    "providers": [
    {
        "type": "space",
        "advances": {
            "\uE999": -1,
            "\uE998": -7,


            "\uEa01": -184,
            "\uEa02": -190,
            "\uEa03": -176,
            "\uEa05": -200,

            "\uEa08": -200,
            "\uEa09": -78,

            "\uEa11": -250

        }
    },


    
	{"type": "bitmap","height":  91, "ascent": 23,"chars": ["\uEC01"],
     "file": "minecraft:gui/sprites/interfaces/chests/chest.png"},

    {"type": "bitmap","height": 106, "ascent": 23,"chars": ["\uEC02"],
     "file": "minecraft:gui/sprites/interfaces/chests/chest_minecart.png"},

    {"type": "bitmap","height":  85, "ascent": 14,"chars": ["\uEC03"],
     "file": "minecraft:gui/sprites/interfaces/chests/barrel.png"},

    {"type": "bitmap","height":  91, "ascent": 23,"chars": ["\uEC04"],
     "file": "minecraft:gui/sprites/interfaces/chests/ender_chest.png"},

    {"type": "bitmap","height": 159, "ascent": 34,"chars": ["\uEC05"],
     "file": "minecraft:gui/sprites/interfaces/chests/large_chest.png"},

    {
        "type": "bitmap",
        "file": "minecraft:gui/sprites/interfaces/hopper_minecart.png",
        "height": 71, "ascent": 14,
        "chars": ["\uEC08"]
    },
    { 
        "type": "bitmap",
        "file": "minecraft:gui/sprites/interfaces/dispenser_block.png",
        "height": 112, "ascent": 45,
        "chars": ["\uEc09"]
    },
    { 
        "type": "bitmap",
        "file": "minecraft:gui/sprites/interfaces/dropper_block.png",
        "height": 112, "ascent": 45,
        "chars": ["\uEc10"]
    },


    {"type": "bitmap","height": 174, "ascent": 23,"chars": ["\uEc11"],
        "file": "minecraft:gui/sprites/interfaces/chests/boat_oak.png"},

    {"type": "bitmap","height": 174, "ascent": 23,"chars": ["\uEc12"],
        "file": "minecraft:gui/sprites/interfaces/chests/boat_spruce.png"},

    {"type": "bitmap","height": 174, "ascent": 23,"chars": ["\uEc13"],
        "file": "minecraft:gui/sprites/interfaces/chests/boat_birch.png"},

    {"type": "bitmap","height": 174, "ascent": 23,"chars": ["\uEc14"],
        "file": "minecraft:gui/sprites/interfaces/chests/boat_dark_oak.png"},

    {"type": "bitmap","height": 174, "ascent": 23,"chars": ["\uEc15"],
        "file": "minecraft:gui/sprites/interfaces/chests/boat_acacia.png"},

    {"type": "bitmap","height": 174, "ascent": 23,"chars": ["\uEc16"],
        "file": "minecraft:gui/sprites/interfaces/chests/boat_jungle.png"},

    {"type": "bitmap","height": 174, "ascent": 23,"chars": ["\uEc17"],
        "file": "minecraft:gui/sprites/interfaces/chests/boat_mangrove.png"},

    {"type": "bitmap","height": 174, "ascent": 23,"chars": ["\uEc18"],
        "file": "minecraft:gui/sprites/interfaces/chests/boat_cherry.png"},

    {"type": "bitmap","height": 174, "ascent": 23,"chars": ["\uEc19"],
        "file": "minecraft:gui/sprites/interfaces/chests/boat_bamboo.png"},

    {"type": "bitmap","height": 174, "ascent": 23,"chars": ["\uEc20"],
        "file": "minecraft:gui/sprites/interfaces/chests/boat_pale.png"},






    
    {"type": "bitmap",
        "file": "minecraft:gui/sprites/interfaces/beacon_glow.png",
        "height": 183, "ascent": 42,
        "chars": ["\uEc22"]
    },





    {"type": "bitmap",
        "file": "minecraft:gui/sprites/interfaces/trades.png",
        "height": 140, "ascent": -5,
        "chars": ["\uEe00"]
    },

    {"type": "bitmap",
        "file": "minecraft:gui/sprites/interfaces/villagers/base_trades.png",
        "height": 166, "ascent": 13,
        "chars": ["\uEe01"]
    },{"type": "bitmap",
        "file": "minecraft:gui/sprites/interfaces/villagers/base_counter.png",
        "height": 166, "ascent": 13,
        "chars": ["\uEe02"]
    },

    {"type": "bitmap",
        "file": "minecraft:gui/sprites/interfaces/villagers/libr_trades.png",
        "height": 167, "ascent": 14,
        "chars": ["\uEe03"]
    },{"type": "bitmap",
        "file": "minecraft:gui/sprites/interfaces/villagers/libr_counter.png",
        "height": 167, "ascent": 14,
        "chars": ["\uEe04"]
    }
    ]
}